time,sourceTimestamp,firstCreated,sourceId,headline,urgency,takeSequence,provider,subjects,audiences,bodySize,companyCount,headlineTag,marketCommentary,sentenceCount,wordCount,assetCodes,assetName,firstMentionSentence,relevance,sentimentClass,sentimentNegative,sentimentNeutral,sentimentPositive,sentimentWordCount,noveltyCount12H,noveltyCount24H,noveltyCount3D,noveltyCount5D,noveltyCount7D,volumeCounts12H,volumeCounts24H,volumeCounts3D,volumeCounts5D,volumeCounts7D
2007-01-01 04:29:32+00:00,2007-01-01 04:29:32+00:00,2007-01-01 04:29:32+00:00,e58c6279551b85cf,China's Daqing pumps 43.41 mln tonnes of oil in 06,3,1,RTRS,"{'CRU', 'CN', 'RTRS', 'ENR', 'LEN', 'EMRG', 'NGS', 'ASIA'}","{'O', 'Z', 'OIL'}",1438,1,,False,11,275,"{'PTR.N', '0857.F', '0857.DE', '0857.HK'}",PetroChina Co Ltd,6,0.235702,-1,0.500739,0.419327,0.0799341,73,0,0,0,0,0,0,0,3,6,7
2007-01-01 07:03:35+00:00,2007-01-01 07:03:34+00:00,2007-01-01 07:03:34+00:00,5a31c4327427f63f,"FEATURE-In kidnapping, finesse works best",3,1,RTRS,"{'BD', 'INS', 'LATAM', 'CA', 'US', 'MX', 'IL', 'LIF', 'RTRS', 'FEA', 'LEN', 'MEAST', 'CO', 'ASIA', 'HT'}","{'PGE', 'PCU', 'PCO', 'DNP', 'MD', 'E', 'G', 'PSC', 'ESN', 'U', 'RNP'}",4413,1,FEATURE,False,55,907,{'STA.N'},Travelers Companies Inc,8,0.447214,-1,0.600082,0.345853,0.0540643,62,1,1,1,1,1,1,1,3,3,3
2007-01-01 11:29:56+00:00,2007-01-01 11:29:56+00:00,2007-01-01 11:29:56+00:00,1cefd27a40fabdfe,PRESS DIGEST - Wall Street Journal - Jan 1,3,1,RTRS,"{'IQ', 'RO', 'US', 'ID', 'RET', 'RTRS', 'ENR', 'PRESS', 'BG', 'LEN', 'TH', 'NGS', 'BY'}","{'M', 'PMF', 'DNP', 'PTD', 'T', 'E', 'D', 'PSC', 'U', 'NAT', 'RNP'}",2108,2,PRESS DIGEST,False,15,388,"{'WMT.N', 'WMT.DE'}",Wal-Mart Stores Inc,14,0.377964,-1,0.450049,0.295671,0.25428,67,0,0,0,0,0,0,0,5,11,17
2007-01-01 12:08:37+00:00,2007-01-01 12:08:37+00:00,2007-01-01 12:08:37+00:00,23768af19dc69992,PRESS DIGEST - New York Times - Jan 1,3,1,RTRS,"{'PUB', 'BUS', 'INS', 'CA', 'ENT', 'US', 'FIN', 'SFWR', 'RTRS', 'WWW', 'PRESS', 'USC', 'LEI', 'FUND', 'LEN'}","{'M', 'PMF', 'DNP', 'PTD', 'T', 'E', 'D', 'PSC', 'U', 'NAT', 'RNP'}",1776,6,PRESS DIGEST,False,14,325,"{'GOOG.O', 'GOOG.OQ', 'GOOGa.DE'}",Google Inc,13,0.149071,-1,0.752917,0.162715,0.0843678,83,0,0,0,0,0,0,0,5,13,15
2007-01-01 12:08:37+00:00,2007-01-01 12:08:37+00:00,2007-01-01 12:08:37+00:00,23768af19dc69992,PRESS DIGEST - New York Times - Jan 1,3,1,RTRS,"{'PUB', 'BUS', 'INS', 'CA', 'ENT', 'US', 'FIN', 'SFWR', 'RTRS', 'WWW', 'PRESS', 'USC', 'LEI', 'FUND', 'LEN'}","{'M', 'PMF', 'DNP', 'PTD', 'T', 'E', 'D', 'PSC', 'U', 'NAT', 'RNP'}",1776,6,PRESS DIGEST,False,14,325,{'XMSR.O'},XM Satellite Radio Holdings Inc,11,0.149071,-1,0.699274,0.20936,0.0913665,102,0,0,0,0,0,0,0,0,0,0
2007-01-01 12:08:37+00:00,2007-01-01 12:08:37+00:00,2007-01-01 12:08:37+00:00,23768af19dc69992,PRESS DIGEST - New York Times - Jan 1,3,1,RTRS,"{'PUB', 'BUS', 'INS', 'CA', 'ENT', 'US', 'FIN', 'SFWR', 'RTRS', 'WWW', 'PRESS', 'USC', 'LEI', 'FUND', 'LEN'}","{'M', 'PMF', 'DNP', 'PTD', 'T', 'E', 'D', 'PSC', 'U', 'NAT', 'RNP'}",1776,6,PRESS DIGEST,False,14,325,"{'SIRI.OQ', 'SIRI.O'}",Sirius XM Radio Inc,0,0.149071,-1,0.476228,0.336996,0.186776,325,0,0,0,0,0,0,0,0,2,3
2007-01-01 12:08:37+00:00,2007-01-01 12:08:37+00:00,2007-01-01 12:08:37+00:00,23768af19dc69992,PRESS DIGEST - New York Times - Jan 1,3,1,RTRS,"{'PUB', 'BUS', 'INS', 'CA', 'ENT', 'US', 'FIN', 'SFWR', 'RTRS', 'WWW', 'PRESS', 'USC', 'LEI', 'FUND', 'LEN'}","{'M', 'PMF', 'DNP', 'PTD', 'T', 'E', 'D', 'PSC', 'U', 'NAT', 'RNP'}",1776,6,PRESS DIGEST,False,14,325,"{'DIS.N', 'DIS.DE', 'DIS.F'}",Walt Disney Co,5,0.149071,0,0.152658,0.615878,0.231464,46,0,0,0,0,0,0,0,2,8,8
2007-01-01 12:08:37+00:00,2007-01-01 12:08:37+00:00,2007-01-01 12:08:37+00:00,23768af19dc69992,PRESS DIGEST - New York Times - Jan 1,3,1,RTRS,"{'PUB', 'BUS', 'INS', 'CA', 'ENT', 'US', 'FIN', 'SFWR', 'RTRS', 'WWW', 'PRESS', 'USC', 'LEI', 'FUND', 'LEN'}","{'M', 'PMF', 'DNP', 'PTD', 'T', 'E', 'D', 'PSC', 'U', 'NAT', 'RNP'}",1776,6,PRESS DIGEST,False,14,325,"{'MSFT.DE', 'MSFT.F', 'MSFT.OQ', 'MSFT.O'}",Microsoft Corp,10,0.447214,0,0.325929,0.374173,0.299898,130,0,0,0,0,0,0,0,0,4,16
2007-01-01 12:08:37+00:00,2007-01-01 12:08:37+00:00,2007-01-01 12:08:37+00:00,23768af19dc69992,PRESS DIGEST - New York Times - Jan 1,3,1,RTRS,"{'PUB', 'BUS', 'INS', 'CA', 'ENT', 'US', 'FIN', 'SFWR', 'RTRS', 'WWW', 'PRESS', 'USC', 'LEI', 'FUND', 'LEN'}","{'M', 'PMF', 'DNP', 'PTD', 'T', 'E', 'D', 'PSC', 'U', 'NAT', 'RNP'}",1776,6,PRESS DIGEST,False,14,325,"{'YHOO.O', 'YHOO.OQ', 'YHOO.DE'}",Yahoo! Inc,13,0.149071,0,0.0913729,0.633713,0.274914,83,0,0,0,0,0,0,2,8,11,12
2007-01-01 13:00:02+00:00,2007-01-01 13:00:02+00:00,2007-01-01 13:00:02+00:00,9fb959be43ed4ba2,Tenet Completes Sale of Alvarado Hospital Medical Center <THC.N>,3,1,BSW,"{'US', 'NEWR', 'LEN', 'DRU'}","{'CNR', 'BSW'}",1881,1,,False,12,315,{'THC.N'},Tenet Healthcare Corp,1,1.0,1,0.0580591,0.139615,0.802326,183,0,0,0,0,0,0,0,0,0,1
2007-01-01 13:00:08+00:00,2007-01-01 13:00:08+00:00,2007-01-01 13:00:08+00:00,abf2fa5ad1ab3ef0,RPT-Wall St Week Ahead: Mild jobs may lift stocks as '07 starts,3,1,RTRS,"{'JOB', 'US', 'NEWS', 'DRV', 'MUNI', 'STX', 'FIN', 'IND', 'GB', 'BNK', 'ENR', 'AU', 'LEN', 'RTRS', 'MCE', 'RESF', 'AUT'}","{'M', 'SOF', 'C', 'T', 'G', 'MF', 'AUF', 'EMK', 'MNI', 'O', 'NAT', 'E', 'GRO', 'NAW', 'ESN', 'U', 'OIL', 'D', 'MTL', 'ELN', 'AUP', 'UKI'}",8032,3,RPT,False,73,1674,"{'SIEB.OQ', 'SIEB.O'}",Siebert Financial Corp,3,0.220564,0,0.262733,0.381765,0.355503,233,0,1,2,2,2,0,1,2,2,2
2007-01-01 13:00:08+00:00,2007-01-01 13:00:08+00:00,2007-01-01 13:00:08+00:00,abf2fa5ad1ab3ef0,RPT-Wall St Week Ahead: Mild jobs may lift stocks as '07 starts,3,1,RTRS,"{'JOB', 'US', 'NEWS', 'DRV', 'MUNI', 'STX', 'FIN', 'IND', 'GB', 'BNK', 'ENR', 'AU', 'LEN', 'RTRS', 'MCE', 'RESF', 'AUT'}","{'M', 'SOF', 'C', 'T', 'G', 'MF', 'AUF', 'EMK', 'MNI', 'O', 'NAT', 'E', 'GRO', 'NAW', 'ESN', 'U', 'OIL', 'D', 'MTL', 'ELN', 'AUP', 'UKI'}",8032,3,RPT,False,73,1674,"{'MON.N', 'MON.F', 'MON.DE'}",Monsanto Co,0,0.0735215,0,0.294074,0.381648,0.324277,1674,0,0,0,0,0,0,1,2,2,2
2007-01-01 13:00:08+00:00,2007-01-01 13:00:08+00:00,2007-01-01 13:00:08+00:00,abf2fa5ad1ab3ef0,RPT-Wall St Week Ahead: Mild jobs may lift stocks as '07 starts,3,1,RTRS,"{'JOB', 'US', 'NEWS', 'DRV', 'MUNI', 'STX', 'FIN', 'IND', 'GB', 'BNK', 'ENR', 'AU', 'LEN', 'RTRS', 'MCE', 'RESF', 'AUT'}","{'M', 'SOF', 'C', 'T', 'G', 'MF', 'AUF', 'EMK', 'MNI', 'O', 'NAT', 'E', 'GRO', 'NAW', 'ESN', 'U', 'OIL', 'D', 'MTL', 'ELN', 'AUP', 'UKI'}",8032,3,RPT,False,73,1674,"{'STZ.N', 'STZb.N'}",Constellation Brands Inc,40,0.0735215,0,0.0173656,0.809667,0.172967,96,0,1,2,2,2,0,1,2,2,2
2007-01-01 13:03:35+00:00,2007-01-01 13:03:35+00:00,2007-01-01 13:03:35+00:00,3892aac458a3f96f,"FEATURE-In kidnapping, finesse works best",3,1,RTRS,"{'BD', 'INS', 'LATAM', 'CA', 'US', 'MX', 'IL', 'LIF', 'RTRS', 'FEA', 'LEN', 'MEAST', 'CO', 'ASIA', 'HT'}","{'PGE', 'PCU', 'PCO', 'DNP', 'MD', 'E', 'G', 'PSC', 'ESN', 'U', 'RNP'}",4413,1,FEATURE,False,55,907,{'STA.N'},Travelers Companies Inc,8,0.447214,-1,0.600082,0.345853,0.0540643,62,1,2,2,2,2,1,2,4,4,4
2007-01-01 13:30:02+00:00,2007-01-01 13:30:02+00:00,2007-01-01 13:30:02+00:00,107f44070202b130,Rite Aid Can Help You Realize Your New Year's Weight Loss Resolution <RAD.N>,3,1,BSW,"{'BACT', 'US', 'NEWR', 'DRU', 'LEN'}","{'CNR', 'BSW'}",4881,1,,False,26,828,{'RAD.N'},Rite Aid Corp,1,1.0,1,0.0655309,0.142502,0.791967,789,0,0,0,1,1,0,0,0,1,1
2007-01-01 14:44:02+00:00,2007-01-01 14:44:02+00:00,2007-01-01 14:44:02+00:00,24312f29aa2a9364,Commtouch Reports: ''Happy New Year!'' Virus Ends 2006 with a Blast <CTCH.O>,3,1,BSW,"{'BACT', 'BUS', 'US', 'DPR', 'TEL', 'NEWR', 'LEN', 'WWW'}","{'CNR', 'BSW'}",6181,1,,False,45,1051,{'CTCH.O'},Cyren Ltd,1,1.0,-1,0.410132,0.347302,0.242566,836,0,0,0,0,0,0,0,0,0,1
2007-01-01 15:03:13+00:00,2007-01-01 15:03:13+00:00,2007-01-01 15:03:13+00:00,77f06424729593c6,Seoul antitrust body forms team on Qualcomm-report,3,1,RTRS,"{'HDWR', 'US', 'REGS', 'TEL', 'APL', 'ELC', 'RTRS', 'LEN', 'EMRG', 'KR', 'ASIA'}","{'PCU', 'PCO', 'DNP', 'PTD', 'T', 'E', 'D', 'PSC', 'U', 'RNP'}",1418,4,,False,13,239,"{'MSFT.DE', 'MSFT.F', 'MSFT.OQ', 'MSFT.O'}",Microsoft Corp,11,0.13484,0,0.0141482,0.810077,0.175775,42,0,0,0,0,0,1,1,1,5,17
2007-01-01 15:03:13+00:00,2007-01-01 15:03:13+00:00,2007-01-01 15:03:13+00:00,77f06424729593c6,Seoul antitrust body forms team on Qualcomm-report,3,1,RTRS,"{'HDWR', 'US', 'REGS', 'TEL', 'APL', 'ELC', 'RTRS', 'LEN', 'EMRG', 'KR', 'ASIA'}","{'PCU', 'PCO', 'DNP', 'PTD', 'T', 'E', 'D', 'PSC', 'U', 'RNP'}",1418,4,,False,13,239,"{'QCOM.O', 'QCOM.DE', 'QCOM.OQ'}",Qualcomm Inc,1,1.0,-1,0.655596,0.21213,0.132274,228,0,0,0,0,0,0,0,15,16,16
2007-01-01 15:07:39+00:00,2007-01-01 15:07:39+00:00,2007-01-01 15:07:39+00:00,1ff5d379138f8551,Talks to save BenQ Mobile Germany fail,3,1,RTRS,"{'DE', 'JOB', 'WEU', 'TEL', 'ELC', 'TW', 'RTRS', 'LEN', 'EUROPE', 'ASIA', 'BKRT'}","{'PCO', 'EMK', 'DNP', 'Z', 'T', 'E', 'D', 'PTD', 'PSC', 'RNP'}",1770,2,,False,13,305,"{'SI.N', 'SIEGn.F', 'SIEGnq.L', 'SIEGn.DE'}",Siemens AG,6,0.433013,-1,0.421752,0.304836,0.273412,137,0,0,0,0,1,0,0,2,13,16
2007-01-01 15:15:23+00:00,2007-01-01 15:15:23+00:00,2007-01-01 15:15:23+00:00,35f615a5e8c89780,Internet Gold's Subsidiary Smile.Communications Completes Full Acquisition of 012... <IGLD.O>,3,1,PRN,"{'BACT', 'PUB', 'REC', 'DPR', 'TEL', 'NEWR', 'IL', 'MRG', 'TBCS', 'WWW', 'LEN', 'LEI', 'EMRG', 'MEAST'}",{'PRN'},2231,1,,False,23,402,"{'IGLD.OQ', 'IGLD.TA', 'IGLD.O'}",Internet Gold Golden Lines Ltd,1,1.0,1,0.0980601,0.379009,0.52293,377,0,0,0,0,0,0,0,0,0,0
2007-01-01 15:57:32+00:00,2007-01-01 15:57:32+00:00,2007-01-01 15:57:32+00:00,eb2aace864f57367,TEXT-Internet Gold completes 012 Golden Lines purchase,3,1,RTRS,"{'US', 'TEL', 'IL', 'MRG', 'RTRS', 'LEN', 'EMRG', 'MEAST'}","{'PCU', 'PCO', 'DNP', 'MD', 'E', 'PSC', 'U', 'RNP'}",1090,1,TEXT,False,12,214,"{'IGLD.OQ', 'IGLD.TA', 'IGLD.O'}",Internet Gold Golden Lines Ltd,1,1.0,1,0.132739,0.389685,0.477576,159,1,1,1,1,1,1,1,1,1,1
2007-01-01 16:57:05+00:00,2007-01-01 16:57:05+00:00,2007-01-01 16:57:05+00:00,6f2c45b9a80ddce4,BNP Paribas top 2006 M&A adviser in France -survey,3,1,RTRS,"{'FR', 'WEU', 'MRG', 'BNK', 'RTRS', 'LEN', 'EUROPE'}","{'PCO', 'EMK', 'DNP', 'PTD', 'T', 'E', 'D', 'PSC', 'U', 'RNP'}",1583,5,,False,11,292,{'GS.N'},Goldman Sachs Group Inc,3,0.27735,1,0.26906,0.173751,0.557189,96,0,0,0,0,0,0,0,7,28,42
2007-01-01 16:57:05+00:00,2007-01-01 16:57:05+00:00,2007-01-01 16:57:05+00:00,6f2c45b9a80ddce4,BNP Paribas top 2006 M&A adviser in France -survey,3,1,RTRS,"{'FR', 'WEU', 'MRG', 'BNK', 'RTRS', 'LEN', 'EUROPE'}","{'PCO', 'EMK', 'DNP', 'PTD', 'T', 'E', 'D', 'PSC', 'U', 'RNP'}",1583,5,,False,11,292,"{'DWMT.O', 'MLN.P', 'SRIB.O', 'MTTT.O', 'MER.N', 'MTSM.O', 'MHR.A', 'PDNT.O', 'MNNY.O', 'MTNK.O', 'MSPX.O', 'EST.A', 'ELC.A', 'NML.A', 'MTTX.O', 'PGEB.O', 'DSP.A'}",Merrill Lynch & Co Inc,3,0.27735,1,0.130986,0.163308,0.705706,66,0,0,0,0,0,0,0,8,14,16
2007-01-01 16:57:05+00:00,2007-01-01 16:57:05+00:00,2007-01-01 16:57:05+00:00,6f2c45b9a80ddce4,BNP Paribas top 2006 M&A adviser in France -survey,3,1,RTRS,"{'FR', 'WEU', 'MRG', 'BNK', 'RTRS', 'LEN', 'EUROPE'}","{'PCO', 'EMK', 'DNP', 'PTD', 'T', 'E', 'D', 'PSC', 'U', 'RNP'}",1583,5,,False,11,292,"{'PLJC.O', 'C.N', 'C', 'TRV.F', 'TRV.DE'}",Citigroup Inc,7,0.138675,1,0.00774632,0.446933,0.545321,80,0,0,0,0,0,0,0,17,50,71
2007-01-01 18:03:35+00:00,2007-01-01 18:03:34+00:00,2007-01-01 18:03:34+00:00,5994181687d4afe5,"FEATURE-In kidnapping, finesse works best",3,1,RTRS,"{'BD', 'INS', 'LATAM', 'CA', 'US', 'MX', 'IL', 'LIF', 'RTRS', 'FEA', 'LEN', 'MEAST', 'CO', 'ASIA', 'HT'}","{'PGE', 'PCU', 'PCO', 'DNP', 'MD', 'E', 'G', 'PSC', 'ESN', 'U', 'RNP'}",4413,1,FEATURE,False,55,907,{'STA.N'},Travelers Companies Inc,8,0.447214,-1,0.600082,0.345853,0.0540643,62,2,3,3,3,3,2,3,5,5,5
2007-01-01 19:01:13+00:00,2007-01-01 19:01:13+00:00,2007-01-01 19:01:13+00:00,4ba95d0bb0f21a2f,"Stiller, Smith achieve box office milestones",3,1,RTRS,"{'PUB', 'JP', 'CA', 'ENT', 'US', 'FILM', 'LIF', 'RTRS', 'LEN', 'LEI'}","{'PGE', 'PCU', 'PCO', 'DNP', 'J', 'E', 'CAN', 'G', 'PSC', 'ESN', 'U', 'RNP'}",2742,5,,False,23,579,{'GE.N'},General Electric Co,20,0.204124,0,0.017913,0.806928,0.175159,98,0,1,1,1,1,0,1,4,11,12
2007-01-01 19:01:13+00:00,2007-01-01 19:01:13+00:00,2007-01-01 19:01:13+00:00,4ba95d0bb0f21a2f,"Stiller, Smith achieve box office milestones",3,1,RTRS,"{'PUB', 'JP', 'CA', 'ENT', 'US', 'FILM', 'LIF', 'RTRS', 'LEN', 'LEI'}","{'PGE', 'PCU', 'PCO', 'DNP', 'J', 'E', 'CAN', 'G', 'PSC', 'ESN', 'U', 'RNP'}",2742,5,,False,23,579,{'TWX.N'},Time Warner Inc,23,0.204124,0,0.0159463,0.925269,0.0587845,34,0,1,1,1,1,0,1,3,7,7
2007-01-01 19:01:13+00:00,2007-01-01 19:01:13+00:00,2007-01-01 19:01:13+00:00,4ba95d0bb0f21a2f,"Stiller, Smith achieve box office milestones",3,1,RTRS,"{'PUB', 'JP', 'CA', 'ENT', 'US', 'FILM', 'LIF', 'RTRS', 'LEN', 'LEI'}","{'PGE', 'PCU', 'PCO', 'DNP', 'J', 'E', 'CAN', 'G', 'PSC', 'ESN', 'U', 'RNP'}",2742,5,,False,23,579,"{'NWS.N', 'NWSa.N', 'NWS.AX'}",Twenty-First Century Fox Inc,6,0.204124,0,0.0142416,0.826866,0.158892,65,0,1,1,1,1,0,1,3,8,11
2007-01-01 19:01:13+00:00,2007-01-01 19:01:13+00:00,2007-01-01 19:01:13+00:00,4ba95d0bb0f21a2f,"Stiller, Smith achieve box office milestones",3,1,RTRS,"{'PUB', 'JP', 'CA', 'ENT', 'US', 'FILM', 'LIF', 'RTRS', 'LEN', 'LEI'}","{'PGE', 'PCU', 'PCO', 'DNP', 'J', 'E', 'CAN', 'G', 'PSC', 'ESN', 'U', 'RNP'}",2742,5,,False,23,579,"{'VIAb.N', 'VIA.N', 'VNV.N', 'RBV.N'}",Viacom Inc,18,0.204124,1,0.118061,0.385745,0.496195,78,0,1,1,1,1,0,1,5,7,15
2007-01-01 19:01:13+00:00,2007-01-01 19:01:13+00:00,2007-01-01 19:01:13+00:00,4ba95d0bb0f21a2f,"Stiller, Smith achieve box office milestones",3,1,RTRS,"{'PUB', 'JP', 'CA', 'ENT', 'US', 'FILM', 'LIF', 'RTRS', 'LEN', 'LEI'}","{'PGE', 'PCU', 'PCO', 'DNP', 'J', 'E', 'CAN', 'G', 'PSC', 'ESN', 'U', 'RNP'}",2742,5,,False,23,579,"{'6758.T', 'SNE.N'}",Sony Corp,9,0.204124,1,0.146765,0.392352,0.460883,78,0,1,1,1,1,0,1,2,6,13
2007-01-01 20:06:17+00:00,2007-01-01 20:06:16+00:00,2007-01-01 20:06:16+00:00,e72dc8573c4817b7,PRESS DIGEST-Australian Business News - Jan 2,3,1,RTRS,"{'AU', 'RTRS', 'PRESS', 'LEN', 'ASIA'}","{'PGE', 'PMF', 'AUF', 'DNP', 'G', 'PSC', 'RNP', 'AUP'}",9629,6,PRESS DIGEST,False,78,1682,"{'NWS.N', 'NWSa.N', 'NWS.AX'}",Twenty-First Century Fox Inc,1,1.0,1,0.098516,0.155354,0.74613,93,0,0,0,0,0,1,2,4,9,12
2007-01-01 20:06:40+00:00,2007-01-01 20:06:40+00:00,2007-01-01 20:06:16+00:00,a796f9177e5e0f66,PRESS DIGEST-Australian Business News - Jan 2,3,2,RTRS,"{'AU', 'RTRS', 'PRESS', 'LEN', 'ASIA'}","{'PGE', 'PMF', 'AUF', 'DNP', 'G', 'PSC', 'RNP', 'AUP'}",9674,9,PRESS DIGEST,False,79,1691,"{'NWS.N', 'NWSa.N', 'NWS.AX'}",Twenty-First Century Fox Inc,1,1.0,1,0.098516,0.155354,0.74613,93,1,1,1,1,1,2,3,5,10,13
2007-01-01 20:06:40+00:00,2007-01-01 20:06:40+00:00,2007-01-01 20:06:16+00:00,a796f9177e5e0f66,PRESS DIGEST-Australian Business News - Jan 2,3,2,RTRS,"{'AU', 'RTRS', 'PRESS', 'LEN', 'ASIA'}","{'PGE', 'PMF', 'AUF', 'DNP', 'G', 'PSC', 'RNP', 'AUP'}",9674,9,PRESS DIGEST,False,79,1691,"{'BHP.N', 'BHP.F', 'BHP.AX'}",BHP Billiton Ltd,56,0.178174,0,0.130677,0.465433,0.403891,80,0,0,0,0,0,0,0,0,8,13
2007-01-01 23:35:40+00:00,2007-01-01 23:35:40+00:00,2007-01-01 23:35:40+00:00,40cdf9a649b79ed0,"UPDATE 1-AirAsia no comment on easyJet, Virgin tie-up report",3,1,RTRS,"{'WEU', 'MRG', 'GB', 'AU', 'RTRS', 'MY', 'LEN', 'EMRG', 'EUROPE', 'ASIA', 'AIR'}","{'AUF', 'EMK', 'DNP', 'PCO', 'E', 'PSC', 'SI', 'ESN', 'RNP', 'AUP', 'UKI'}",2059,4,UPDATE 1,False,17,397,"{'RYAAY.OQ', 'RYAAY.O', 'RYA.F', 'RYA.I', 'RYA.L'}",Ryanair Holdings PLC,12,0.141421,-1,0.675553,0.263018,0.0614286,54,0,0,0,0,0,0,1,1,13,16
2007-01-01 23:50:59+00:00,2007-01-01 23:50:59+00:00,2007-01-01 23:50:59+00:00,e23f141064f811e0,Mexico's Femsa raises local beer prices,3,1,RTRS,"{'LATAM', 'MX', 'BEV', 'RTRS', 'LEN', 'EMRG'}","{'PCO', 'E', 'PSC', 'ESN', 'RNP'}",734,2,,False,7,144,"{'FMSAUBD.MX', 'FMX.N'}",Fomento Economico Mexicano SAB de CV,1,1.0,0,0.0912916,0.61248,0.296229,144,0,0,0,0,0,0,0,0,0,0
2007-01-02 00:23:44+00:00,2007-01-02 00:23:44+00:00,2007-01-02 00:23:44+00:00,aef9be9d4be96a1b,Sanofi head criticises generic drug makers - FT,3,1,RTRS,"{'FR', 'ID', 'WEU', 'IN', 'DRU', 'RTRS', 'LEN', 'EMRG', 'TH', 'EUROPE'}","{'PCO', 'EMK', 'DNP', 'E', 'PSC', 'ESN', 'U', 'RNP'}",1121,1,,False,9,213,"{'SNY.N', 'SASY.F', 'SASY.PA'}",Sanofi SA,1,1.0,-1,0.501143,0.277839,0.221017,179,0,0,0,0,0,0,0,0,2,6
2007-01-02 00:24:59+00:00,2007-01-02 00:24:59+00:00,2007-01-02 00:24:59+00:00,67adaddb4f312fbb,Taiwan stocks - Factors to watch,3,1,RTRS,"{'STX', 'TW', 'RTRS', 'LEN', 'EMRG', 'ASIA'}","{'PMF', 'DNP', 'Z', 'PTD', 'E', 'MF', 'PSC', 'RNP'}",4858,3,,True,96,973,"{'AUO.N', '2409.TW'}",AU Optronics Corp,22,0.214423,0,0.199058,0.581326,0.219616,198,0,0,0,0,0,0,0,0,0,0
2007-01-02 00:24:59+00:00,2007-01-02 00:24:59+00:00,2007-01-02 00:24:59+00:00,67adaddb4f312fbb,Taiwan stocks - Factors to watch,3,1,RTRS,"{'STX', 'TW', 'RTRS', 'LEN', 'EMRG', 'ASIA'}","{'PMF', 'DNP', 'Z', 'PTD', 'E', 'MF', 'PSC', 'RNP'}",4858,3,,True,96,973,"{'TSM.N', '2330.TW'}",Taiwan Semiconductor Manufacturing Co Ltd,23,0.214423,0,0.170486,0.611566,0.217947,153,0,0,0,0,0,0,0,0,5,12
2007-01-02 00:26:30+00:00,2007-01-02 00:26:30+00:00,2007-01-02 00:26:30+00:00,c91f788545361103,PRESS DIGEST - British business - Jan 2,3,1,RTRS,"{'GB', 'RTRS', 'PRESS', 'LEN'}","{'M', 'U', 'PGE', 'PMF', 'EMK', 'DNP', 'SOF', 'C', 'T', 'E', 'D', 'MTL', 'G', 'PSC', 'GRO', 'O', 'OIL', 'RNP', 'UKI'}",4733,5,PRESS DIGEST,False,26,795,"{'RBS', 'RBS.L', 'RBS.DE'}",Royal Bank of Scotland Group PLC,13,0.353553,1,0.0669956,0.143219,0.789785,98,0,0,0,0,0,0,0,2,8,9
2007-01-02 00:37:42+00:00,2007-01-02 00:37:42+00:00,2007-01-02 00:37:42+00:00,6926b6149bb83c6b,"PRESS DIGEST-Financial Times, Wall St Journal Asia editions",3,1,RTRS,"{'JP', 'STL', 'CRU', 'TEL', 'HK', 'IN', 'CN', 'RTRS', 'ENR', 'PRESS', 'LEN', 'ASIA', 'AUT'}","{'SNI', 'M', 'AUF', 'DNP', 'IF', 'J', 'T', 'E', 'D', 'Z', 'SNS', 'G', 'ND', 'PSC', 'SI', 'PHD', 'RNP', 'AUP'}",1892,2,PRESS DIGEST,False,13,339,"{'2332.HK', 'HTX.N', '2332.DE'}",Hutchison Telecommunications International Ltd,5,0.218218,1,0.220342,0.281998,0.49766,102,0,0,0,0,1,0,0,1,22,26
2007-01-02 00:41:43+00:00,2007-01-02 00:41:43+00:00,2007-01-02 00:41:43+00:00,0e1d1922d75eca97,PRESS DIGEST-Indonesian Business News - Jan 2,3,1,RTRS,"{'ID', 'TEL', 'RTRS', 'ENR', 'LEN', 'EMRG', 'FUND', 'ASIA'}","{'M', 'PGE', 'DNP', 'IF', 'PTD', 'T', 'E', 'D', 'G', 'PSC', 'RNP'}",1363,1,PRESS DIGEST,False,14,264,"{'ISAT.JK', 'IIT.N'}",Indosat Tbk PT,11,0.5,1,0.108251,0.382327,0.509422,97,0,0,0,0,0,0,0,0,0,1
2007-01-02 01:06:07+00:00,2007-01-02 01:06:07+00:00,2007-01-02 01:01:25+00:00,986e5aa4f946c8f2,"Taiwan stocks open up, techs gain on China opening",3,1,RTRS,"{'STX', 'TW', 'RTRS', 'LEN', 'EMRG', 'HOT', 'ASIA'}","{'M', 'Z', 'E', 'D', 'MF', 'PSC'}",2639,1,,True,74,555,"{'TSM.N', '2330.TW'}",Taiwan Semiconductor Manufacturing Co Ltd,4,0.123091,0,0.0139782,0.799158,0.186864,43,0,0,0,0,1,2,2,2,7,14
2007-01-02 01:35:31+00:00,2007-01-02 01:35:31+00:00,2007-01-02 01:35:31+00:00,bba75171c13cbf8f,Korea Hot Stocks-KEPCO up on S. Korea tariff hike,3,1,RTRS,"{'RET', 'ELG', 'DIV', 'RTRS', 'ENR', 'LEN', 'EMRG', 'KR', 'HOT', 'ASIA', 'AUT'}","{'E', 'MF', 'PSC', 'O', 'OIL'}",875,1,,True,6,180,"{'015760.KS', 'KEP.N'}",Korea Electric Power Corp,1,1.0,1,0.027517,0.222383,0.7501,180,0,0,0,0,0,0,0,0,4,4
2007-01-02 01:36:36+00:00,2007-01-02 01:36:36+00:00,2007-01-02 01:35:31+00:00,e329fbd8b22f6d8d,Korea Hot Stocks-KEPCO up on S. Korea tariff hike,3,2,RTRS,"{'XREF', 'RET', 'ELG', 'DIV', 'RTRS', 'ENR', 'LEN', 'EMRG', 'KR', 'HOT', 'ASIA', 'AUT'}","{'E', 'MF', 'PSC', 'O', 'OIL'}",2414,1,,True,74,557,"{'015760.KS', 'KEP.N'}",Korea Electric Power Corp,1,1.0,1,0.0422667,0.155255,0.802478,177,1,1,1,1,1,1,1,1,5,5
2007-01-02 01:42:26+00:00,2007-01-02 01:42:26+00:00,2007-01-02 01:42:26+00:00,a5245326d6a68716,PRESS DIGEST - British business - Jan 1,3,1,RTRS,"{'GB', 'RTRS', 'PRESS', 'LEN'}","{'M', 'U', 'PGE', 'PMF', 'EMK', 'DNP', 'SOF', 'C', 'T', 'E', 'D', 'MTL', 'G', 'PSC', 'GRO', 'O', 'OIL', 'RNP', 'UKI'}",4733,5,PRESS DIGEST,False,26,795,"{'RBS', 'RBS.L', 'RBS.DE'}",Royal Bank of Scotland Group PLC,13,0.353553,1,0.0669956,0.143219,0.789785,98,1,1,1,1,1,1,1,3,9,10
2007-01-02 02:57:39+00:00,2007-01-02 02:57:39+00:00,2007-01-02 02:57:39+00:00,6aca298afe64aa9d,PRESS DIGEST - Financial Times - Jan 2,3,1,RTRS,"{'GB', 'RTRS', 'PRESS', 'LEN'}","{'M', 'U', 'PGE', 'PMF', 'EMK', 'DNP', 'SOF', 'C', 'T', 'E', 'D', 'MTL', 'G', 'PSC', 'GRO', 'O', 'OIL', 'RNP', 'UKI'}",6134,5,PRESS DIGEST,False,30,1011,"{'RBS', 'RBS.L', 'RBS.DE'}",Royal Bank of Scotland Group PLC,23,0.288675,0,0.0164505,0.92356,0.0599895,83,0,0,0,0,0,2,2,4,10,11
2007-01-02 02:57:39+00:00,2007-01-02 02:57:39+00:00,2007-01-02 02:57:39+00:00,6aca298afe64aa9d,PRESS DIGEST - Financial Times - Jan 2,3,1,RTRS,"{'GB', 'RTRS', 'PRESS', 'LEN'}","{'M', 'U', 'PGE', 'PMF', 'EMK', 'DNP', 'SOF', 'C', 'T', 'E', 'D', 'MTL', 'G', 'PSC', 'GRO', 'O', 'OIL', 'RNP', 'UKI'}",6134,5,PRESS DIGEST,False,30,1011,"{'NDAQ.O', 'NDAQ.OQ'}",Nasdaq Inc,27,0.096225,1,0.118614,0.385914,0.495472,69,0,0,0,0,0,0,0,2,22,26
2007-01-02 03:10:08+00:00,2007-01-02 03:10:08+00:00,2007-01-02 03:10:08+00:00,eb1cf8baf41533ad,Seoul stocks flat; Hyundai Motor up on outlook,3,1,RTRS,"{'CHE', 'MAC', 'DRV', 'WEU', 'ELG', 'STX', 'SHP', 'ELC', 'RTRS', 'LEN', 'EMRG', 'CON', 'KR', 'EUROPE', 'ASIA', 'AUT'}","{'PMF', 'DNP', 'PTD', 'E', 'MF', 'PSC', 'RNP'}",2982,3,,False,22,525,"{'015760.KS', 'KEP.N'}",Korea Electric Power Corp,4,0.149071,-1,0.651861,0.122692,0.225447,97,0,0,0,0,0,3,3,3,7,7
2007-01-02 03:16:37+00:00,2007-01-02 03:16:37+00:00,2007-01-02 03:10:08+00:00,3ae81b8fbf6e4d3d,Seoul stocks flat; Hyundai Motor up on outlook,3,2,RTRS,"{'CHE', 'MAC', 'DRV', 'WEU', 'ELG', 'STX', 'SHP', 'ELC', 'RTRS', 'LEN', 'EMRG', 'CON', 'KR', 'EUROPE', 'XREF', 'ASIA', 'AUT'}","{'PMF', 'DNP', 'PTD', 'E', 'MF', 'PSC', 'RNP'}",4522,7,,False,89,904,"{'060000.KS', 'KB.N'}",Kookmin Bank,19,0.100504,-1,0.695011,0.112329,0.192661,65,0,0,0,0,2,1,1,1,3,8
2007-01-02 03:16:37+00:00,2007-01-02 03:16:37+00:00,2007-01-02 03:10:08+00:00,3ae81b8fbf6e4d3d,Seoul stocks flat; Hyundai Motor up on outlook,3,2,RTRS,"{'CHE', 'MAC', 'DRV', 'WEU', 'ELG', 'STX', 'SHP', 'ELC', 'RTRS', 'LEN', 'EMRG', 'CON', 'KR', 'EUROPE', 'XREF', 'ASIA', 'AUT'}","{'PMF', 'DNP', 'PTD', 'E', 'MF', 'PSC', 'RNP'}",4522,7,,False,89,904,"{'WF.N', '053000.KS'}",Woori Finance Holdings Co Ltd,20,0.100504,-1,0.504161,0.153085,0.342754,68,0,0,0,0,0,1,1,1,1,3
2007-01-02 03:16:37+00:00,2007-01-02 03:16:37+00:00,2007-01-02 03:10:08+00:00,3ae81b8fbf6e4d3d,Seoul stocks flat; Hyundai Motor up on outlook,3,2,RTRS,"{'CHE', 'MAC', 'DRV', 'WEU', 'ELG', 'STX', 'SHP', 'ELC', 'RTRS', 'LEN', 'EMRG', 'CON', 'KR', 'EUROPE', 'XREF', 'ASIA', 'AUT'}","{'PMF', 'DNP', 'PTD', 'E', 'MF', 'PSC', 'RNP'}",4522,7,,False,89,904,"{'015760.KS', 'KEP.N'}",Korea Electric Power Corp,4,0.100504,-1,0.651861,0.122692,0.225447,97,1,1,1,1,1,4,4,4,8,8
2007-01-02 03:23:16+00:00,2007-01-02 03:23:16+00:00,2007-01-02 03:23:16+00:00,428e7beecace9171,UPDATE 1-AirAsia to announce new service on Friday,3,1,RTRS,"{'ID', 'NEWS', 'MRG', 'GB', 'AU', 'RTRS', 'MY', 'LEN', 'EMRG', 'TH', 'ASIA'}","{'PCO', 'EMK', 'DNP', 'E', 'PSC', 'SI', 'RNP', 'UKI'}",2497,4,UPDATE 1,False,23,466,"{'RYAAY.OQ', 'RYAAY.O', 'RYA.F', 'RYA.I', 'RYA.L'}",Ryanair Holdings PLC,0,0.267261,0,0.23744,0.385467,0.377092,466,0,0,0,0,0,1,2,2,14,17
2007-01-02 03:32:11+00:00,2007-01-02 03:32:11+00:00,2007-01-02 03:32:11+00:00,54c830abcb78aae9,TSMC plans five new 12-inch wafer plants -paper,3,1,RTRS,"{'JP', 'ELI', 'HDWR', 'TEL', 'US', 'CN', 'ELC', 'TW', 'RTRS', 'SG', 'LEN', 'EMRG', 'KR', 'ASIA'}","{'PCU', 'PCO', 'DNP', 'Z', 'E', 'PSC', 'U', 'RNP'}",1758,1,,False,15,331,"{'TSM.N', '2330.TW'}",Taiwan Semiconductor Manufacturing Co Ltd,1,1.0,-1,0.428682,0.321737,0.249581,312,0,0,0,0,0,3,3,3,6,15
2007-01-02 03:42:35+00:00,2007-01-02 03:42:35+00:00,2007-01-02 03:42:35+00:00,5e480c85339688aa,"Korea Hot Stocks-LG Elec, LG.Philips, Banks, KEPCO",3,1,RTRS,"{'RET', 'ELG', 'FIN', 'DIV', 'BNK', 'ENR', 'LEN', 'RTRS', 'EMRG', 'KR', 'HOT', 'ASIA', 'AUT'}","{'MF', 'E', 'PSC'}",3162,4,,True,26,589,"{'WF.N', '053000.KS'}",Woori Finance Holdings Co Ltd,22,0.078811,1,0.0515641,0.134739,0.813697,101,1,1,1,1,1,2,2,2,2,4
2007-01-02 03:42:35+00:00,2007-01-02 03:42:35+00:00,2007-01-02 03:42:35+00:00,5e480c85339688aa,"Korea Hot Stocks-LG Elec, LG.Philips, Banks, KEPCO",3,1,RTRS,"{'RET', 'ELG', 'FIN', 'DIV', 'BNK', 'ENR', 'LEN', 'RTRS', 'EMRG', 'KR', 'HOT', 'ASIA', 'AUT'}","{'MF', 'E', 'PSC'}",3162,4,,True,26,589,"{'015760.KS', 'KEP.N'}",Korea Electric Power Corp,1,1.0,1,0.0496276,0.1335,0.816872,219,3,3,3,3,3,5,5,5,9,9
2007-01-02 03:42:35+00:00,2007-01-02 03:42:35+00:00,2007-01-02 03:42:35+00:00,5e480c85339688aa,"Korea Hot Stocks-LG Elec, LG.Philips, Banks, KEPCO",3,1,RTRS,"{'RET', 'ELG', 'FIN', 'DIV', 'BNK', 'ENR', 'LEN', 'RTRS', 'EMRG', 'KR', 'HOT', 'ASIA', 'AUT'}","{'MF', 'E', 'PSC'}",3162,4,,True,26,589,"{'060000.KS', 'KB.N'}",Kookmin Bank,21,0.078811,-1,0.694098,0.112557,0.193345,63,1,1,1,1,2,2,2,2,4,9
2007-01-02 04:25:56+00:00,2007-01-02 04:25:56+00:00,2007-01-02 04:25:56+00:00,f996c05a5d037a4a,"INDIA'S HERO HONDA <HROH.BO> DEC VEHICLE SALES 252,462  UNITS VS 245,104 YEAR AGO ",1,1,RTRS,"{'JP', 'MAC', 'IN', 'RTRS', 'LEN', 'EMRG', 'ASIA', 'RESF', 'AUT'}","{'SNI', 'J', 'E'}",0,2,,False,1,13,"{'HMC.N', '7267.T'}",Honda Motor Co Ltd,1,1.0,1,0.0714529,0.389724,0.538823,13,0,0,0,0,0,0,0,0,7,24
2007-01-02 04:30:02+00:00,2007-01-02 04:30:02+00:00,2007-01-02 04:25:56+00:00,44a26f803b4192f7,India's Hero Honda Dec vehicle sales up 3 pct yr/yr,3,1,RTRS,"{'JP', 'MAC', 'IN', 'RTRS', 'LEN', 'EMRG', 'ASIA', 'RESF', 'AUT'}","{'SNI', 'PCO', 'DNP', 'J', 'E', 'SNS', 'PSC', 'RNP'}",420,2,,False,4,92,"{'HMC.N', '7267.T'}",Honda Motor Co Ltd,1,1.0,-1,0.544389,0.168729,0.286882,92,1,1,1,1,1,1,1,1,8,25
2007-01-02 04:35:40+00:00,2007-01-02 04:35:40+00:00,2007-01-02 03:42:35+00:00,6a19af0534fa9d1d,"Korea Hot Stocks-LG Elec, LG.Philips, Banks, KEPCO",3,2,RTRS,"{'XREF', 'RET', 'ELG', 'FIN', 'DIV', 'BNK', 'ENR', 'LEN', 'RTRS', 'EMRG', 'KR', 'HOT', 'ASIA', 'AUT'}","{'MF', 'E', 'PSC'}",4702,6,,True,96,968,"{'WF.N', '053000.KS'}",Woori Finance Holdings Co Ltd,22,0.0590281,-1,0.659368,0.120952,0.219679,43,2,2,2,2,2,3,3,3,3,5
2007-01-02 04:35:40+00:00,2007-01-02 04:35:40+00:00,2007-01-02 03:42:35+00:00,6a19af0534fa9d1d,"Korea Hot Stocks-LG Elec, LG.Philips, Banks, KEPCO",3,2,RTRS,"{'XREF', 'RET', 'ELG', 'FIN', 'DIV', 'BNK', 'ENR', 'LEN', 'RTRS', 'EMRG', 'KR', 'HOT', 'ASIA', 'AUT'}","{'MF', 'E', 'PSC'}",4702,6,,True,96,968,"{'015760.KS', 'KEP.N'}",Korea Electric Power Corp,1,1.0,1,0.00993105,0.394673,0.595396,183,4,4,4,4,4,6,6,6,10,10
2007-01-02 04:35:40+00:00,2007-01-02 04:35:40+00:00,2007-01-02 03:42:35+00:00,6a19af0534fa9d1d,"Korea Hot Stocks-LG Elec, LG.Philips, Banks, KEPCO",3,2,RTRS,"{'XREF', 'RET', 'ELG', 'FIN', 'DIV', 'BNK', 'ENR', 'LEN', 'RTRS', 'EMRG', 'KR', 'HOT', 'ASIA', 'AUT'}","{'MF', 'E', 'PSC'}",4702,6,,True,96,968,"{'060000.KS', 'KB.N'}",Kookmin Bank,21,0.0590281,-1,0.694098,0.112557,0.193345,63,2,2,2,2,3,3,3,3,5,10
2007-01-02 04:35:40+00:00,2007-01-02 04:35:40+00:00,2007-01-02 03:42:35+00:00,6a19af0534fa9d1d,"Korea Hot Stocks-LG Elec, LG.Philips, Banks, KEPCO",3,2,RTRS,"{'XREF', 'RET', 'ELG', 'FIN', 'DIV', 'BNK', 'ENR', 'LEN', 'RTRS', 'EMRG', 'KR', 'HOT', 'ASIA', 'AUT'}","{'MF', 'E', 'PSC'}",4702,6,,True,96,968,"{'LPL.N', '034220.KS'}",LG Display Co Ltd,1,1.0,-1,0.618773,0.130046,0.251181,313,0,0,0,0,0,0,0,0,0,5
2007-01-02 04:40:28+00:00,2007-01-02 04:40:28+00:00,2006-12-29 04:09:50+00:00,89c34671612f601d,PRESS DIGEST - Washington Post Business - Dec 29,3,2,RTRS,"{'ENT', 'HDWR', 'DPR', 'US', 'STX', 'SFWR', 'REA', 'RTRS', 'PRESS', 'LEN', 'BY', 'WASH'}","{'PCU', 'PMF', 'PCO', 'DNP', 'E', 'PSC', 'ESN', 'U', 'RNP'}",2542,1,PRESS DIGEST,False,20,460,"{'AAPL.DE', 'AAPL.OQ', 'AAPL.F', 'AAPL.O'}",Apple Inc,4,0.182574,-1,0.813967,0.12827,0.0577636,82,0,0,0,3,3,0,0,0,112,153
2007-01-02 04:47:44+00:00,2007-01-02 04:47:44+00:00,2007-01-02 04:47:44+00:00,ad443908781512ae,UPDATE 1-TSMC plans five new advanced wafer plants -paper,3,1,RTRS,"{'JP', 'ELI', 'HDWR', 'TEL', 'US', 'CN', 'ELC', 'TW', 'RTRS', 'SG', 'LEN', 'EMRG', 'KR', 'ASIA'}","{'PCU', 'PCO', 'DNP', 'Z', 'E', 'PSC', 'U', 'RNP'}",2427,1,UPDATE 1,False,21,463,"{'TSM.N', '2330.TW'}",Taiwan Semiconductor Manufacturing Co Ltd,1,1.0,0,0.327323,0.365027,0.30765,463,1,1,1,1,1,4,4,4,7,16
2007-01-02 04:51:58+00:00,2007-01-02 04:51:58+00:00,2007-01-02 04:46:38+00:00,1b9460a869124bc8,S.Korea Dec housing price growth slows vs Nov,3,1,RTRS,"{'ECI', 'CEN', 'REA', 'RTRS', 'LEN', 'EMRG', 'CON', 'KR', 'MCE', 'ASIA', 'STIR'}","{'M', 'T', 'E', 'D', 'PSC'}",615,1,,False,4,122,"{'060000.KS', 'KB.N'}",Kookmin Bank,3,0.707107,1,0.0241218,0.18568,0.790198,70,0,0,0,0,0,5,5,5,7,12
2007-01-02 05:01:02+00:00,2007-01-02 05:01:02+00:00,2007-01-02 05:01:02+00:00,8d2ebc5958ea4f1f,Adobe Appoints Former Borland Exec to Senior VP of Worldwide Field Operations <ADBE.O>,3,1,BSW,"{'BACT', 'BUS', 'US', 'NEWR', 'MNGISS', 'LEN'}","{'CNR', 'BSW'}",2405,1,,False,18,382,"{'ADBE.OQ', 'ADBE.O', 'ADBE.DE'}",Adobe Systems Inc,1,1.0,1,0.0881121,0.37209,0.539798,365,0,0,0,0,0,0,0,0,0,0
2007-01-02 05:26:55+00:00,2007-01-02 05:26:55+00:00,2007-01-02 05:26:55+00:00,9f4c33b6f72c405d,TABLE-HK short selling turnover HK$1.18 bln by lunch,3,1,RTRS,"{'MUL', 'TEL', 'STX', 'HK', 'FIN', 'SHP', 'CN', 'GB', 'BNK', 'RTRS', 'LEN', 'ASIA'}","{'PSC', 'Z', 'E', 'EMK'}",933,4,TABLE,False,4,147,"{'0941.DE', '0941.HK', '0941.F', 'CHL.N', 'CHLy.DE'}",China Mobile Ltd,4,0.5,0,0.0224916,0.810433,0.167076,82,0,0,0,0,1,0,0,0,1,6
2007-01-02 05:26:55+00:00,2007-01-02 05:26:55+00:00,2007-01-02 05:26:55+00:00,9f4c33b6f72c405d,TABLE-HK short selling turnover HK$1.18 bln by lunch,3,1,RTRS,"{'MUL', 'TEL', 'STX', 'HK', 'FIN', 'SHP', 'CN', 'GB', 'BNK', 'RTRS', 'LEN', 'ASIA'}","{'PSC', 'Z', 'E', 'EMK'}",933,4,TABLE,False,4,147,"{'3777.HK', '1285.HK', '3838.HK', '0005.HK', 'HBC.PA', '1301.HK', 'HSBA.L', 'HBC', 'HBC.N'}",HSBC Holdings PLC,4,0.5,0,0.0224916,0.810433,0.167076,82,0,0,0,2,2,0,0,0,4,8
2007-01-02 05:27:27+00:00,2007-01-02 05:27:27+00:00,2007-01-02 05:26:55+00:00,7ff8063faa09419a,TABLE-HK short selling turnover HK$1.18 bln by lunch,3,2,RTRS,"{'MUL', 'TEL', 'STX', 'HK', 'FIN', 'SHP', 'CN', 'GB', 'BNK', 'RTRS', 'LEN', 'ASIA'}","{'PSC', 'Z', 'E', 'EMK'}",986,4,TABLE,False,5,157,"{'0941.DE', '0941.HK', '0941.F', 'CHL.N', 'CHLy.DE'}",China Mobile Ltd,4,0.316228,0,0.0200818,0.815367,0.164551,92,1,1,1,1,2,1,1,1,2,7
2007-01-02 05:27:27+00:00,2007-01-02 05:27:27+00:00,2007-01-02 05:26:55+00:00,7ff8063faa09419a,TABLE-HK short selling turnover HK$1.18 bln by lunch,3,2,RTRS,"{'MUL', 'TEL', 'STX', 'HK', 'FIN', 'SHP', 'CN', 'GB', 'BNK', 'RTRS', 'LEN', 'ASIA'}","{'PSC', 'Z', 'E', 'EMK'}",986,4,TABLE,False,5,157,"{'3777.HK', '1285.HK', '3838.HK', '0005.HK', 'HBC.PA', '1301.HK', 'HSBA.L', 'HBC', 'HBC.N'}",HSBC Holdings PLC,4,0.316228,0,0.0200818,0.815367,0.164551,92,1,1,1,3,3,1,1,1,5,9
2007-01-02 05:28:32+00:00,2007-01-02 05:28:32+00:00,2007-01-02 05:28:32+00:00,060ef23c7aba0051,"AU, Chi Mei to delay LCD output at new plants -paper",3,1,RTRS,"{'JP', 'HDWR', 'US', 'CN', 'ELC', 'TW', 'RTRS', 'LEN', 'EMRG', 'KR', 'ASIA'}","{'PCU', 'PCO', 'DNP', 'Z', 'E', 'PSC', 'U', 'RNP'}",1842,3,,False,15,354,"{'AUO.N', '2409.TW'}",AU Optronics Corp,4,0.333333,-1,0.800197,0.136757,0.0630464,99,0,0,0,0,0,2,2,2,2,2
2007-01-02 05:30:03+00:00,2007-01-02 05:30:03+00:00,2007-01-02 05:30:03+00:00,8513bae37617453c,Willis Re Issues Annual Reinsurance Renewals Review <WSH.N>,3,1,BSW,"{'BACT', 'INS', 'US', 'WEU', 'NEWR', 'FIN', 'GB', 'LEN', 'EUROPE', 'EU'}","{'CNRA', 'CNRE', 'CNR', 'BSW'}",3480,1,,False,27,560,{'WSH.N'},Willis Towers Watson PLC,1,1.0,0,0.138648,0.608745,0.252607,205,0,0,0,0,0,0,0,0,0,1
2007-01-02 06:08:24+00:00,2007-01-02 06:08:24+00:00,2007-01-02 06:08:24+00:00,dfc32b0ef3e1bcf3,French stocks - Factors to watch on Jan 2,3,1,RTRS,"{'FR', 'WEU', 'RTRS', 'LEN', 'EUROPE'}","{'PMF', 'EMK', 'DNP', 'PTD', 'E', 'MF', 'PSC', 'RNP'}",1627,3,,True,17,314,"{'SNY.N', 'SASY.F', 'SASY.PA'}",Sanofi SA,6,0.213201,-1,0.752069,0.221954,0.0259764,87,0,0,0,0,2,1,1,1,3,7
2007-01-02 06:11:30+00:00,2007-01-02 06:11:30+00:00,2007-01-02 06:11:30+00:00,ee40a3dc594576d0,UPDATE 1-S.Korea house prices in Dec up 11.6 pct on year,3,1,RTRS,"{'INT', 'LOA', 'CEN', 'PLCY', 'BLD', 'REA', 'RTRS', 'LEN', 'EMRG', 'CON', 'KR', 'MCE', 'ASIA', 'STIR'}","{'M', 'PTD', 'T', 'E', 'D', 'PSC', 'RNP'}",1914,1,UPDATE 1,False,15,345,"{'060000.KS', 'KB.N'}",Kookmin Bank,3,0.816497,1,0.375983,0.16877,0.455247,135,1,1,1,1,1,6,6,6,8,12
2007-01-02 06:14:30+00:00,2007-01-02 06:14:30+00:00,2007-01-02 06:14:30+00:00,ec4eb875cf3c3f54,Italian Stocks - Factors to watch on Jan 2,3,1,RTRS,"{'IT', 'WEU', 'STX', 'RTRS', 'LEN', 'EUROPE'}","{'PMF', 'EMK', 'DNP', 'PTD', 'E', 'MF', 'PSC', 'RNP'}",4638,3,,False,32,836,"{'SAN.MC', 'STD.BA', 'STD.N'}",Banco Santander SA,6,0.265165,-1,0.445811,0.170619,0.38357,197,0,0,0,2,2,0,0,0,6,8
2007-01-02 06:15:44+00:00,2007-01-02 06:15:44+00:00,2007-01-02 06:15:44+00:00,0db2296208225aa5,RPT-Italian Stocks - Factors to watch on Jan 2,3,1,RTRS,"{'IT', 'WEU', 'STX', 'RTRS', 'LEN', 'EUROPE'}","{'PMF', 'EMK', 'DNP', 'PTD', 'E', 'MF', 'PSC', 'RNP'}",4638,3,RPT,False,32,838,"{'SAN.MC', 'STD.BA', 'STD.N'}",Banco Santander SA,6,0.265165,-1,0.445811,0.170619,0.38357,197,1,1,1,3,3,1,1,1,7,9
2007-01-02 06:23:19+00:00,2007-01-02 06:23:19+00:00,2007-01-02 06:23:19+00:00,0a49a06a3ca4d183,"China's Chery 2006 exports up 178 pct to 50,000-report",3,1,RTRS,"{'DE', 'US', 'CN', 'TRD', 'RTRS', 'LEN', 'EMRG', 'ASIA', 'AUT'}","{'PCU', 'PCO', 'EMK', 'DNP', 'Z', 'E', 'PSC', 'U', 'RNP'}",1299,1,,False,9,242,"{'DCX.N', 'DCXGn.DE', 'DCXGn.F'}",Daimler AG,5,0.612372,1,0.109084,0.15829,0.732625,96,0,0,0,0,0,0,0,0,7,15
2007-01-02 06:29:20+00:00,2007-01-02 06:29:20+00:00,2007-01-02 06:29:20+00:00,747694fd7c2e9a04,Vallourec ups stake in Valtimet joint venture,3,1,RTRS,"{'JP', 'STL', 'FR', 'US', 'WEU', 'MRG', 'RTRS', 'LEN', 'EUROPE', 'MET', 'WHO'}","{'PCU', 'PCO', 'EMK', 'DNP', 'J', 'E', 'PSC', 'U', 'RNP'}",720,4,,False,6,126,{'TIE.N'},Titanium Metals Corp,2,0.707107,1,0.00899268,0.459895,0.531112,77,0,0,0,0,0,0,0,0,0,0
2007-01-02 06:35:38+00:00,2007-01-02 06:35:38+00:00,2007-01-02 06:35:38+00:00,eec75a218cf8dacf,Benelux stocks - Factors to watch on Jan 2,3,1,RTRS,"{'NL', 'WEU', 'STX', 'RTRS', 'LEN', 'BE', 'EUROPE', 'XREF'}","{'PMF', 'EMK', 'PTD', 'E', 'N', 'MF', 'PSC', 'BL'}",560,3,,False,4,116,"{'SID.N', 'CSNA3.SA'}",Companhia Siderurgica Nacional,0,0.5,1,0.159181,0.210971,0.629848,116,0,0,0,0,0,0,0,0,2,2
2007-01-02 06:35:38+00:00,2007-01-02 06:35:38+00:00,2007-01-02 06:35:38+00:00,eec75a218cf8dacf,Benelux stocks - Factors to watch on Jan 2,3,1,RTRS,"{'NL', 'WEU', 'STX', 'RTRS', 'LEN', 'BE', 'EUROPE', 'XREF'}","{'PMF', 'EMK', 'PTD', 'E', 'N', 'MF', 'PSC', 'BL'}",560,3,,False,4,116,"{'CGA.N', 'CS.L', 'CS.AS'}",Corus Group Ltd,2,1.0,1,0.105069,0.381966,0.512965,106,0,0,0,0,0,0,0,0,36,56
2007-01-02 06:36:09+00:00,2007-01-02 06:36:09+00:00,2007-01-02 06:35:38+00:00,d83168601c928b9d,Benelux stocks - Factors to watch on Jan 2,3,2,RTRS,"{'NL', 'WEU', 'STX', 'RTRS', 'LEN', 'BE', 'EUROPE', 'XREF'}","{'PMF', 'EMK', 'PTD', 'E', 'N', 'MF', 'PSC', 'BL'}",2108,3,,False,30,349,"{'SID.N', 'CSNA3.SA'}",Companhia Siderurgica Nacional,0,0.196116,1,0.17499,0.409497,0.415513,349,0,0,0,0,0,1,1,1,3,3
2007-01-02 06:36:09+00:00,2007-01-02 06:36:09+00:00,2007-01-02 06:35:38+00:00,d83168601c928b9d,Benelux stocks - Factors to watch on Jan 2,3,2,RTRS,"{'NL', 'WEU', 'STX', 'RTRS', 'LEN', 'BE', 'EUROPE', 'XREF'}","{'PMF', 'EMK', 'PTD', 'E', 'N', 'MF', 'PSC', 'BL'}",2108,3,,False,30,349,"{'CGA.N', 'CS.L', 'CS.AS'}",Corus Group Ltd,3,0.392232,1,0.104311,0.381367,0.514322,93,1,1,1,1,1,1,1,1,37,57
2007-01-02 06:38:31+00:00,2007-01-02 06:38:31+00:00,2007-01-02 06:38:31+00:00,1df375be24908873,"Seoul stocks start 2007 flat, LG Elec jumps",3,1,RTRS,"{'CHE', 'MAC', 'DRV', 'WEU', 'ELG', 'STX', 'SHP', 'ELC', 'RTRS', 'LEN', 'EMRG', 'CON', 'KR', 'ASIA', 'AUT'}","{'PMF', 'DNP', 'PTD', 'E', 'MF', 'PSC', 'RNP'}",3309,3,,False,24,582,"{'LPL.N', '034220.KS'}",LG Display Co Ltd,1,1.0,1,0.111145,0.158827,0.730029,309,0,0,0,0,0,1,1,1,1,4
2007-01-02 06:42:26+00:00,2007-01-02 06:42:26+00:00,2007-01-02 06:42:26+00:00,a25513fa493c73ba,TABLE-Finnish shares closing in the U.S. - Dec 29,3,1,RTRS,"{'WEU', 'STX', 'RTRS', 'LEN', 'EUROPE', 'FI', 'NORD'}","{'FN', 'EMK'}",1155,4,TABLE,False,3,164,"{'UPM.N', 'UPM1V.HE'}",UPM-Kymmene Oyj,0,0.5,0,0.0165062,0.924083,0.0594107,164,0,0,0,0,0,1,1,1,7,10
2007-01-02 06:42:26+00:00,2007-01-02 06:42:26+00:00,2007-01-02 06:42:26+00:00,a25513fa493c73ba,TABLE-Finnish shares closing in the U.S. - Dec 29,3,1,RTRS,"{'WEU', 'STX', 'RTRS', 'LEN', 'EUROPE', 'FI', 'NORD'}","{'FN', 'EMK'}",1155,4,TABLE,False,3,164,"{'NOK1V.HE', 'NOKS.DE', 'NOK.N', 'NOKy.DE', 'NOKS.F'}",Nokia Oyj,0,0.5,0,0.0165062,0.924083,0.0594107,164,0,0,0,0,0,0,0,0,7,11
2007-01-02 06:42:26+00:00,2007-01-02 06:42:26+00:00,2007-01-02 06:42:26+00:00,a25513fa493c73ba,TABLE-Finnish shares closing in the U.S. - Dec 29,3,1,RTRS,"{'WEU', 'STX', 'RTRS', 'LEN', 'EUROPE', 'FI', 'NORD'}","{'FN', 'EMK'}",1155,4,TABLE,False,3,164,"{'MEO1V.HE', 'MX.N'}",Metso Oyj,0,0.5,0,0.0165062,0.924083,0.0594107,164,0,0,0,0,0,0,0,0,4,6
2007-01-02 06:42:42+00:00,2007-01-02 06:42:42+00:00,2007-01-02 06:38:31+00:00,d7343e908825e939,"Seoul stocks start 2007 flat, LG Elec jumps",3,2,RTRS,"{'CHE', 'MAC', 'DRV', 'WEU', 'ELG', 'STX', 'SHP', 'ELC', 'RTRS', 'LEN', 'EMRG', 'CON', 'KR', 'ASIA', 'AUT'}","{'PMF', 'DNP', 'PTD', 'E', 'MF', 'PSC', 'RNP'}",4268,6,,False,31,732,"{'LPL.N', '034220.KS'}",LG Display Co Ltd,1,1.0,1,0.111145,0.158827,0.730029,309,1,1,1,1,1,2,2,2,2,5
2007-01-02 06:42:42+00:00,2007-01-02 06:42:42+00:00,2007-01-02 06:38:31+00:00,d7343e908825e939,"Seoul stocks start 2007 flat, LG Elec jumps",3,2,RTRS,"{'CHE', 'MAC', 'DRV', 'WEU', 'ELG', 'STX', 'SHP', 'ELC', 'RTRS', 'LEN', 'EMRG', 'CON', 'KR', 'ASIA', 'AUT'}","{'PMF', 'DNP', 'PTD', 'E', 'MF', 'PSC', 'RNP'}",4268,6,,False,31,732,"{'015760.KS', 'KEP.N'}",Korea Electric Power Corp,3,0.235702,1,0.0428062,0.128734,0.828459,182,2,2,2,2,2,7,7,7,11,11
2007-01-02 06:53:40+00:00,2007-01-02 06:53:40+00:00,2007-01-02 06:53:40+00:00,37f04e3aac9e1e92,European stocks -- Factors to watch on Jan 2,3,1,RTRS,"{'PT', 'DE', 'NL', 'FR', 'CH', 'NEWS', 'WEU', 'IT', 'STX', 'GB', 'RTRS', 'LEN', 'ES', 'EUROPE', 'NORD'}","{'M', 'PMF', 'EMK', 'SW', 'DA', 'DNP', 'FN', 'PTD', 'T', 'E', 'D', 'MF', 'PSC', 'NW', 'U', 'RNP', 'UKI'}",5644,5,,False,54,1040,"{'SAN.MC', 'STD.BA', 'STD.N'}",Banco Santander SA,43,0.282843,-1,0.735345,0.188878,0.0757769,70,0,0,0,0,0,2,2,2,8,10
2007-01-02 06:53:40+00:00,2007-01-02 06:53:40+00:00,2007-01-02 06:53:40+00:00,37f04e3aac9e1e92,European stocks -- Factors to watch on Jan 2,3,1,RTRS,"{'PT', 'DE', 'NL', 'FR', 'CH', 'NEWS', 'WEU', 'IT', 'STX', 'GB', 'RTRS', 'LEN', 'ES', 'EUROPE', 'NORD'}","{'M', 'PMF', 'EMK', 'SW', 'DA', 'DNP', 'FN', 'PTD', 'T', 'E', 'D', 'MF', 'PSC', 'NW', 'U', 'RNP', 'UKI'}",5644,5,,False,54,1040,"{'CGA.N', 'CS.L', 'CS.AS'}",Corus Group Ltd,0,0.141421,0,0.250446,0.386122,0.363431,1040,0,0,0,0,0,2,2,2,38,58
2007-01-02 06:54:27+00:00,2007-01-02 06:54:27+00:00,2007-01-02 06:53:40+00:00,65c2e001a05a55e2,European stocks -- Factors to watch on Jan 2,3,2,RTRS,"{'PT', 'DE', 'NL', 'FR', 'CH', 'NEWS', 'WEU', 'IT', 'STX', 'GB', 'RTRS', 'LEN', 'ES', 'EUROPE', 'XREF', 'NORD'}","{'M', 'PMF', 'EMK', 'SW', 'DA', 'DNP', 'FN', 'PTD', 'T', 'E', 'D', 'MF', 'PSC', 'NW', 'U', 'RNP', 'UKI'}",5690,8,,False,54,1051,"{'CGA.N', 'CS.L', 'CS.AS'}",Corus Group Ltd,0,0.141421,0,0.248261,0.38719,0.364549,1051,0,0,0,0,0,3,3,3,39,59
2007-01-02 06:54:27+00:00,2007-01-02 06:54:27+00:00,2007-01-02 06:53:40+00:00,65c2e001a05a55e2,European stocks -- Factors to watch on Jan 2,3,2,RTRS,"{'PT', 'DE', 'NL', 'FR', 'CH', 'NEWS', 'WEU', 'IT', 'STX', 'GB', 'RTRS', 'LEN', 'ES', 'EUROPE', 'XREF', 'NORD'}","{'M', 'PMF', 'EMK', 'SW', 'DA', 'DNP', 'FN', 'PTD', 'T', 'E', 'D', 'MF', 'PSC', 'NW', 'U', 'RNP', 'UKI'}",5690,8,,False,54,1051,"{'SAN.MC', 'STD.BA', 'STD.N'}",Banco Santander SA,43,0.282843,-1,0.735345,0.188878,0.0757769,70,1,1,1,1,1,3,3,3,9,11
2007-01-02 06:54:49+00:00,2007-01-02 06:54:49+00:00,2007-01-02 06:54:49+00:00,35294d472e20c089,Italian Stocks - Factors to watch on Jan 2,3,1,RTRS,"{'IT', 'WEU', 'STX', 'RTRS', 'LEN', 'EUROPE'}","{'PMF', 'EMK', 'DNP', 'PTD', 'E', 'MF', 'PSC', 'RNP'}",4960,4,,False,35,899,"{'SAN.MC', 'STD.BA', 'STD.N'}",Banco Santander SA,8,0.257248,-1,0.445811,0.170619,0.38357,197,2,2,2,2,2,4,4,4,10,12
2007-01-02 06:56:28+00:00,2007-01-02 06:56:28+00:00,2007-01-02 06:56:28+00:00,0db803df740b4629,Nokia New Year's Eve Celebrates the Start of 2007 in Global Style,3,1,PRN,"{'PUB', 'DE', 'LATAM', 'REC', 'TEL', 'NEWR', 'WEU', 'IN', 'CN', 'TBCS', 'BR', 'WWW', 'LEN', 'EMRG', 'LEI', 'EUROPE', 'ASIA'}",{'PRN'},7723,1,,False,53,1416,"{'NOK1V.HE', 'NOKS.DE', 'NOK.N', 'NOKy.DE', 'NOKS.F'}",Nokia Oyj,1,1.0,1,0.102787,0.315298,0.581915,1164,0,0,0,0,0,1,1,1,8,12
2007-01-02 07:00:26+00:00,2007-01-02 07:00:26+00:00,2007-01-02 07:00:26+00:00,107307bebec90453,REG-Allied Irish Banks <ALBK.L> <ALBK.I> Treasury Stock,3,1,RNS,"{'WEU', 'GB', 'IE', 'LEN', 'EUROPE', 'REG'}",{'RNS'},1268,1,,False,8,175,"{'AIB.N', 'ALBK.L', 'ALBK.I', 'ALBK.F'}",Allied Irish Banks PLC,1,1.0,0,0.126994,0.607355,0.265651,78,0,0,0,1,1,0,0,0,3,4
2007-01-02 07:00:27+00:00,2007-01-02 07:00:27+00:00,2007-01-02 07:00:27+00:00,05fd24c5e69920ce,REG-Allied Irish Banks <ALBK.L> <ALBK.I> Voting Rights and Capital,3,1,RNS,"{'WEU', 'GB', 'IE', 'LEN', 'EUROPE', 'REG'}",{'RNS'},1270,1,,False,7,181,"{'AIB.N', 'ALBK.L', 'ALBK.I', 'ALBK.F'}",Allied Irish Banks PLC,1,1.0,1,0.172195,0.342429,0.485376,126,0,0,0,0,0,1,1,1,4,5
2007-01-02 07:00:41+00:00,2007-01-02 07:00:41+00:00,2007-01-02 07:00:41+00:00,5f14130c145c8b75,REG-National Grid PLC <NG.L> Total Voting Rights,3,1,RNS,"{'WEU', 'ELG', 'GB', 'LEN', 'EUROPE', 'REG'}",{'RNS'},960,1,,False,5,134,"{'NGG.N', 'NG.L'}",National Grid PLC,1,1.0,1,0.098155,0.177104,0.724741,134,0,0,0,0,0,0,0,0,0,0
2007-01-02 07:00:42+00:00,2007-01-02 07:00:42+00:00,2007-01-02 07:00:42+00:00,f86220e8b05bb861,REG-National Grid PLC <NG.L> Sharesave Grant,3,1,RNS,"{'WEU', 'ELG', 'GB', 'LEN', 'EUROPE', 'REG'}",{'RNS'},1040,1,,False,5,130,"{'NGG.N', 'NG.L'}",National Grid PLC,1,1.0,0,0.0119447,0.782563,0.205492,130,0,0,0,0,0,1,1,1,1,1
2007-01-02 07:00:47+00:00,2007-01-02 07:00:47+00:00,2007-01-02 07:00:47+00:00,f44ed97d6d2144c2,REG-Banco Sntndr Central <SAN.MC> <SANq.L> Disposal,3,1,RNS,"{'WEU', 'MRG', 'GB', 'LEN', 'EUROPE', 'REG'}",{'RNS'},978,1,,False,6,136,"{'SAN.MC', 'STD.BA', 'STD.N'}",Banco Santander SA,3,1.0,0,0.0599125,0.679888,0.2602,128,0,0,0,1,1,5,5,5,11,13
2007-01-02 07:00:58+00:00,2007-01-02 07:00:58+00:00,2007-01-02 07:00:58+00:00,6d9623bdfea62a90,REG-FranklinResourcesInc <BEN.N> <BENq.L> Doc re. Proxy Materials,3,1,RNS,"{'WEU', 'FIN', 'GB', 'LEN', 'EUROPE', 'REG'}",{'RNS'},859,1,,False,5,118,{'BEN.N'},Franklin Resources Inc,0,0.5,0,0.307317,0.379702,0.312981,118,0,0,0,0,0,0,0,0,1,2
